{
  "master_volume": 1.0,
  "music_volume": 0.12857142857142856,
  "sfx_volume": 0.2523809523809524,
  "muted": false
}